id,short_name,long_name,shape_id,route_id1,proof_of_payment,ft_mode,vehicle_name,route_id
504,CT202,201 SMK PT-LYN TC,210504,3202,0,premium_bus,premium_bus1,2_3202
66,MK021,21 ARBOR HTS-SCBD,210066,1021,0,local_bus,llocal_bus1,2_1021
181,MK099,99 WATRFRNT STCAR,210181,1099,0,local_bus,llocal_bus1,2_1099
354,MK346,346 AUR VIL-NGATE,210354,1346,0,local_bus,llocal_bus1,2_1346
633,PT013,13 N 30TH ST,210633,2013,0,local_bus,llocal_bus1,2_2013
29,MK009,9 RAINR BCH-BRDWY,210029,1009,0,premium_bus,premium_bus1,2_1009
665,RLLR,LightRail SeaTac,210665,6011,0,light_rail,llight_rail1,2_6011
571,PT052,52 TCC-TCOMA MALL,210571,2052,0,local_bus,llocal_bus1,2_2052
210,MK124,124 Tukwila Intl Bl*,210210,1124,0,local_bus,llocal_bus1,2_1124
334,MK255,255 JNTA-KRK-SCBD,210334,1255,0,local_bus,llocal_bus1,2_1255
22,MK005,5 SH CC-GRWD-SCBD,210022,1005,0,local_bus,llocal_bus1,2_1005
699,KT013,13 PARKWOOD E LTD,210699,4013,0,local_bus,llocal_bus1,2_4013
249,MK156,156 Scnter-S Tac-De*,210249,1156,0,local_bus,llocal_bus1,2_1156
200,MK118,118 TAHLQ-VSH HTS,210200,1118,0,premium_bus,premium_bus1,2_1118
137,MK055,55 ADMRL-JCT-SCBD,210137,1055,0,local_bus,llocal_bus1,2_1055
118,MK044,44 BLLRD-UW-MNTLK,210118,1044,0,local_bus,llocal_bus1,2_1044
4,MK002,2 W Q ANN-MADRONA,210004,1002,0,local_bus,llocal_bus1,2_1002
713,KT029,29 TRENTON AVENUE,210713,4029,0,local_bus,llocal_bus1,2_4029
487,CT280,GraniteFalls-Everet*,210487,3280,0,local_bus,llocal_bus1,2_3280
240,MK150,150 AUB-KENT-SCBD,210240,1150,0,local_bus,llocal_bus1,2_1150
167,MK073,73 JCPK-I5-SEA EX,210167,1073,0,premium_bus,premium_bus1,2_1073
501,CT221,Marysville-LakeStev*,210501,3221,0,local_bus,llocal_bus1,2_3221
576,PT500,500 FEDERAL WAY N,210576,2500,0,local_bus,llocal_bus1,2_2500
321,MK245,245 KRK-OVRLK-FCT,210321,1245,0,local_bus,llocal_bus1,2_1245
401,ST555,555 ISSAQ-BTC-NGT E*,210401,6555,0,premium_bus,premium_bus1,2_6555
690,ET008,8 MERRIL CK-EV ST,210690,7008,0,local_bus,llocal_bus1,2_7008
339,MK271,271 ISSQH-BELV-UW,210339,1271,0,local_bus,llocal_bus1,2_1271
153,MK070,70 UW-SEATTLE CBD,210153,1070,0,local_bus,llocal_bus1,2_1070
602,PT402,402 MERIDIAN,210602,2402,0,local_bus,llocal_bus1,2_2402
530,CT112,871 EDM-MTLKTR-UW,210530,3112,0,local_bus,llocal_bus1,2_3112
187,MK106,106 RNTN-SKY-SCBD,210187,1106,0,local_bus,llocal_bus1,2_1106
309,MK234,234 KENMR-KRK-BEL,210309,1234,0,local_bus,llocal_bus1,2_1234
450,MK926,926 CROSSRDS-EGTE,210450,1926,0,local_bus,llocal_bus1,2_1926
725,KT092,92 POUL-SUQ-KNGST,210725,4092,0,local_bus,llocal_bus1,2_4092
14,MK004,4 E Q AN-JUDKN PK,210014,1004,0,local_bus,llocal_bus1,2_1004
88,MK031,31 UW-FRMNT-MAGNL,210088,1031,0,local_bus,llocal_bus1,2_1031
46,MK014,14 SUMMIT-MT BAKR,210046,1014,0,local_bus,llocal_bus1,2_1014
97,MK036,36 RAINR BCH-SCBD,210097,1036,0,local_bus,llocal_bus1,2_1036
55,MK016,16 NGT-WLFRD-SCBD,210055,1016,0,local_bus,llocal_bus1,2_1016
739,KT032,32 POULSBO-SLVRDL,210739,4032,0,local_bus,llocal_bus1,2_4032
219,MK131,131 HL CC-BUR-SEA,210219,1131,0,local_bus,llocal_bus1,2_1131
676,ET027,27 Murphys Conr-Mal*,210676,7027,0,local_bus,llocal_bus1,2_7027
136,MK054,54 WHTCR-JCT-SCBD,210136,1054,0,local_bus,llocal_bus1,2_1054
545,ST592,592 Dupont-Seattle,210545,6592,0,premium_bus,premium_bus1,2_6592
294,MK221,221 Ed Hill-Xroads *,210294,1221,0,local_bus,llocal_bus1,2_1221
657,WFSBR,WSF SEA-BREMERTON,210657,5006,0,ferry,ferry1,2_5006
473,ST532,532 BELVUE-EVERTT SB,210473,6532,0,premium_bus,premium_bus1,2_6532
60,MK018,18 LOYAL HTS-SCBD,210060,1018,0,local_bus,llocal_bus1,2_1018
120,MK044,44 BLLRD-UW-MNTLK,210120,1044,0,local_bus,llocal_bus1,2_1044
402,ST556,556 ISSAQ-BTC-NGT W*,210402,6556,0,premium_bus,premium_bus1,2_6556
701,KT017,17 KITSP MALL LTD,210701,4017,0,local_bus,llocal_bus1,2_4017
667,PT603,603 OLY-SR512-TAC,210667,2603,0,premium_bus,premium_bus1,2_2603
242,MK150,150 AUB-KENT-SCBD,210242,1150,0,local_bus,llocal_bus1,2_1150
359,MK355,355 ShrlnCC-SCBD,210359,1355,0,premium_bus,premium_bus1,2_1355
140,MK056,56 ALKI-SEA CBD N,210140,1056,0,local_bus,llocal_bus1,2_1056
215,MK128,128 W SEA-SOCENTR,210215,1128,0,local_bus,llocal_bus1,2_1128
678,ET029,29 Mall Sta - Coll *,210678,7029,0,local_bus,llocal_bus1,2_7029
506,CT201,202 ARLNGTN-EV ST,210506,3201,0,premium_bus,premium_bus1,2_3201
289,MK212,212 EGTE P&R-SCBD W*,210289,1212,0,local_bus,llocal_bus1,2_1212
370,ST522,ST522c,210370,6522,0,premium_bus,premium_bus1,2_6522
389,ST550,550 BELLVU-SEACBD,210389,6550,0,premium_bus,premium_bus1,2_6550
311,MK236,236 WOOD-KNGT-KRK,210311,1236,0,local_bus,llocal_bus1,2_1236
564,PT054,54 38TH ST,210564,2054,0,local_bus,llocal_bus1,2_2054
718,KT090,90 POULS TC-BAINB,210718,4090,0,local_bus,llocal_bus1,2_4090
279,MK203,203 N MERCER ISLN,210279,1203,0,local_bus,llocal_bus1,2_1203
492,CT270,270 EVRT-GOLD BAR,210492,3270,0,local_bus,llocal_bus1,2_3270
90,MK031,31 UW-FRMNT-MAGNL,210090,1031,0,local_bus,llocal_bus1,2_1031
172,MK074,74 NOAA-UW-LWR QA,210172,1074,0,premium_bus,premium_bus1,2_1074
621,PT207,207 Ft Lewis,210621,2207,0,local_bus,llocal_bus1,2_2207
75,MK025,25 LRLHST-UW-SCBD,210075,1025,0,local_bus,llocal_bus1,2_1025
202,MK119,119 DCKTN-VSH HTS,210202,1119,0,local_bus,llocal_bus1,2_1119
607,PT003,3 LAKEWOOD-TACOMA,210607,2003,0,local_bus,llocal_bus1,2_2003
84,MK028,28 BROADVW-SEACBD,210084,1028,0,local_bus,llocal_bus1,2_1028
158,MK071,71 WDG-I5-SCBD EX,210158,1071,0,premium_bus,premium_bus1,2_1071
192,MK107,107 RNTN-RANR BCH,210192,1107,0,local_bus,llocal_bus1,2_1107
535,CT106,105 MARNR PR-BTHL,210535,3106,0,local_bus,llocal_bus1,2_3106
62,MK018,18 LOYAL HTS-SCBD,210062,1018,0,local_bus,llocal_bus1,2_1018
106,MK041,41 LKCTY-NGT-SCBD,210106,1041,0,local_bus,llocal_bus1,2_1041
233,MK140,140 BUR-SEATC-RNT,210233,1140,0,local_bus,llocal_bus1,2_1140
255,MK166,166 DES MOIN-KENT,210255,1166,0,local_bus,llocal_bus1,2_1166
744,KT008,8 TREMONT SB     ,210744,4008,0,local_bus,llocal_bus1,2_4008
363,MK372,MK372b,210363,1372,0,premium_bus,premium_bus1,2_1372
461,CT871,870 EDMONDS-UW SB,210461,3871,0,premium_bus,premium_bus1,2_3871
590,PT041,41 PORTLAND AVE,210590,2041,0,local_bus,llocal_bus1,2_2041
147,MK066,66 NGATE-UW-SCBD ,210147,1066,0,premium_bus,premium_bus1,2_1066
377,ST545,545 RED-SCBD-HLGT,210377,6545,0,premium_bus,premium_bus1,2_6545
70,MK023,23 WHITE CTR-SCBD,210070,1023,0,local_bus,llocal_bus1,2_1023
550,ST590,590 Seattle-Taco,210550,6590,0,premium_bus,premium_bus1,2_6590
518,CT120,120 LYN TC-UW BTH,210518,3120,0,local_bus,llocal_bus1,2_3120
436,MK914,914 KENT-EAST HLL,210436,1914,0,local_bus,llocal_bus1,2_1914
478,ST510,510 EVERTT-SEACBD,210478,6510,0,premium_bus,premium_bus1,2_6510
662,WFVSW,WSF VASHN-STHWRTH,210662,5008,0,ferry,ferry1,2_5008
727,KT086,86 SOUTHWRTH SHTL,210727,4086,0,local_bus,llocal_bus1,2_4086
125,MK048,48 RAIN BC-LYL HT,210125,1048,0,local_bus,llocal_bus1,2_1048
706,KT021,21 PERRY AVENUE,210706,4021,0,local_bus,llocal_bus1,2_4021
281,MK204,204 S MI-MERCR IS,210281,1204,0,local_bus,llocal_bus1,2_1204
247,MK155,155 FAIRWD-SOCNTR,210247,1155,0,local_bus,llocal_bus1,2_1155
315,MK238,MK238b,210315,1238,0,local_bus,llocal_bus1,2_1238
77,MK025,25 LRLHST-UW-SCBD,210077,1025,0,local_bus,llocal_bus1,2_1025
407,ST560,560 BEL-STAC-WSEA,210407,6560,0,premium_bus,premium_bus1,2_6560
583,PT444,444  Parkland-Sp,210583,2444,0,local_bus,llocal_bus1,2_2444
683,ET005,5 Everett Circ SB,210683,7005,0,local_bus,llocal_bus1,2_7005
511,CT190,112 EDM CC-MKLTEO,210511,3190,0,local_bus,llocal_bus1,2_3190
69,MK022,22 WHITE CTR-SCBD,210069,1022,0,local_bus,llocal_bus1,2_1022
543,ST594,594 LKWD-TAC-SCBD,210543,6594,0,premium_bus,premium_bus1,2_6594
394,ST554,554 ISSAQ-SEA CBD,210394,6554,0,premium_bus,premium_bus1,2_6554
72,MK024,24 MAGNOLIA-SCBD ,210072,1024,0,local_bus,llocal_bus1,2_1024
569,PT053,53 Manitou,210569,2053,0,local_bus,llocal_bus1,2_2053
537,CT105,106 MAR PR-BTH PR,210537,3105,0,local_bus,llocal_bus1,2_3105
457,MK929,929 NO BEND-REDMD,210457,1929,0,local_bus,llocal_bus1,2_1929
497,CT240,240 STNWD-ARLNGTN,210497,3240,0,local_bus,llocal_bus1,2_3240
347,MK330,330 SHRL CC-LKCTY,210347,1330,0,local_bus,llocal_bus1,2_1330
626,PT202,202 72ND STREET E,210626,2202,0,local_bus,llocal_bus1,2_2202
41,MK012,12 CAP HILL-SCBD ,210041,1012,0,local_bus,llocal_bus1,2_1012
226,MK132,132 HL CC-BUR-SEA,210226,1132,0,local_bus,llocal_bus1,2_1132
10,MK003,3 N Q ANNE-MDRONA,210010,1003,0,local_bus,llocal_bus1,2_1003
552,PT059,59 MANITOU,210552,2059,0,local_bus,llocal_bus1,2_2059
379,ST545,545 RED-SCBD-HLGT,210379,6545,0,premium_bus,premium_bus1,2_6545
650,WFEDK,WSF EDMNDS-KNGSTN,210650,5001,0,ferry,ferry1,2_5001
111,MK042,42 RAINER VW-SCBD,210111,1042,0,local_bus,llocal_bus1,2_1042
480,CT421,421 Marysville-Seat*,210480,3421,0,premium_bus,premium_bus1,2_3421
271,MK182,182 NE TAC-FED WY,210271,1182,0,local_bus,llocal_bus1,2_1182
160,MK072,72 LKC-I5-SCBD EX,210160,1072,0,premium_bus,premium_bus1,2_1072
609,PT028,28 S 12TH ST,210609,2028,0,local_bus,llocal_bus1,2_2028
466,CT851,870 EDMONDS-UW SB,210466,3851,0,premium_bus,premium_bus1,2_3851
424,MK901,901 MIR LK-FED TC,210424,1901,0,local_bus,llocal_bus1,2_1901
664,RLMNR,MNRL SEACTR-WSTLK,210664,8001,0,light_rail,llight_rail1,2_8001
260,MK169,169 KNT TC-RNT TC,210260,1169,0,local_bus,llocal_bus1,2_1169
595,PT408,408 Sumner to Bonne*,210595,2408,0,local_bus,llocal_bus1,2_2408
150,MK068,68 NORTHGATE-UW S,210150,1068,0,local_bus,llocal_bus1,2_1068
81,MK026,26 E GRNLK-SEACBD,210081,1026,0,local_bus,llocal_bus1,2_1026
251,MK156,156 Scnter-S Tac-De*,210251,1156,0,local_bus,llocal_bus1,2_1156
523,CT118,118 AUR VL-ASH WY,210523,3118,0,local_bus,llocal_bus1,2_3118
32,MK010,10 CAP HILL-SCBD ,210032,1010,0,local_bus,llocal_bus1,2_1010
302,MK230,230 KNGSG-BTC-RED,210302,1230,0,local_bus,llocal_bus1,2_1230
441,MK916,916 KENT-EAST HLL,210441,1916,0,local_bus,llocal_bus1,2_1916
365,MK372,372 WDNVL-BTHL-UW,210365,1372,0,premium_bus,premium_bus1,2_1372
732,KT024,24 OLYMPIC COLLEG,210732,4024,0,local_bus,llocal_bus1,2_4024
286,MK208,208 NWPRT HS-EGTE EB,210286,1208,0,local_bus,llocal_bus1,2_1208
20,MK005,5 SH CC-GRWD-SCBD,210020,1005,0,local_bus,llocal_bus1,2_1005
499,CT222,222 MRYSVL-TULALP,210499,3222,0,local_bus,llocal_bus1,2_3222
28,MK008,8 SEACTR-CAP-RANR,210028,1008,0,local_bus,llocal_bus1,2_1008
628,PT002,2 19TH-BRIDGEPORT,210628,2002,0,local_bus,llocal_bus1,2_2002
329,MK251,251 UW BTH-RD-KRK,210329,1251,0,local_bus,llocal_bus1,2_1251
588,PT410,410 112TH STREET,210588,2410,0,local_bus,llocal_bus1,2_2410
145,MK065,65 LKCTY-WDGWD-UW,210145,1065,0,local_bus,llocal_bus1,2_1065
516,CT121,121 LYN TC-UW BTH,210516,3121,0,local_bus,llocal_bus1,2_3121
413,ST599,599 Lakewood-Tacoma*,210413,6599,0,premium_bus,premium_bus1,2_6599
319,MK245,245 KRK-OVRLK-FCT,210319,1245,0,local_bus,llocal_bus1,2_1245
195,MK110,110 N RNTN-SW RNT SB,210195,1110,0,local_bus,llocal_bus1,2_1110
708,KT023,23 KARIOTS/TRCYTN,210708,4023,0,local_bus,llocal_bus1,2_4023
113,MK043,43 UW-CAP HL-SCBD,210113,1043,0,local_bus,llocal_bus1,2_1043
179,MK098,98 SLU STREETCAR**,210179,1098,0,local_bus,llocal_bus1,2_1098
352,MK346,346 AUR VIL-NGATE,210352,1346,0,local_bus,llocal_bus1,2_1346
51,MK015,15 CROWN HLL-SCBD,210051,1015,0,local_bus,llocal_bus1,2_1015
396,ST554,554 ISSAQ-SEA CBD,210396,6554,0,premium_bus,premium_bus1,2_6554
685,ET007,7 EVERGRN-N COLBY,210685,7007,0,local_bus,llocal_bus1,2_7007
231,MK139,139 GRG HT-BURIEN,210231,1139,0,local_bus,llocal_bus1,2_1139
23,MK007,7 RAIN BCH-SEACBD,210023,1007,0,local_bus,llocal_bus1,2_1007
525,CT116,116 EDM-ECC-SL FR,210525,3116,0,local_bus,llocal_bus1,2_3116
304,MK230,230 KNGSG-BTC-RED,210304,1230,0,local_bus,llocal_bus1,2_1230
557,ST574,574 Seatac-Lakew,210557,6574,0,premium_bus,premium_bus1,2_6574
384,ST545,545 RED-SCBD-HLGT,210384,6545,0,premium_bus,premium_bus1,2_6545
485,CT280,280 GRAN FLLS-EVT,210485,3280,0,local_bus,llocal_bus1,2_3280
443,MK917,917 AUBR-ALGN-PAC,210443,1917,0,local_bus,llocal_bus1,2_1917
276,MK197,197 FEDERAL WY-UW,210276,1197,0,local_bus,llocal_bus1,2_1197
720,KT090,90 POULS TC-BAINB,210720,4090,0,local_bus,llocal_bus1,2_4090
614,PT214,214 WASHINGTON,210614,2214,0,local_bus,llocal_bus1,2_2214
165,MK073,73 JCPK-I5-SEA EX,210165,1073,0,premium_bus,premium_bus1,2_1073
12,MK003,3 N Q ANNE-MDRONA,210012,1003,0,local_bus,llocal_bus1,2_1003
640,PT010,10 PEARL ST,210640,2010,0,local_bus,llocal_bus1,2_2010
361,MK358,358 AUR VL-SEACBD,210361,1358,0,premium_bus,premium_bus1,2_1358
429,MK908,908 RNT-RNT HLNDS,210429,1908,0,local_bus,llocal_bus1,2_1908
42,MK013,13 SPU-SEA CBD SB,210042,1013,0,local_bus,llocal_bus1,2_1013
337,MK271,271 ISSQH-BELV-UW,210337,1271,0,local_bus,llocal_bus1,2_1271
671,ET017,17 Mall Statn NB,210671,7017,0,local_bus,llocal_bus1,2_7017
185,MK105,105 RNT-RNT HGLND,210185,1105,0,local_bus,llocal_bus1,2_1105
372,ST522,ST522e,210372,6522,0,premium_bus,premium_bus1,2_6522
411,ST566,566 ISSAQ-NGATE EX**,210411,6566,0,premium_bus,premium_bus1,2_6566
737,KT009,19 SouthPark,210737,4000,0,local_bus,llocal_bus1,2_4000
652,WFFSW,WSF FAUNTLR-SWRTH,210652,5003,0,ferry,ferry1,2_5003
58,MK017,17 LYLH-BLRD-SCBD,210058,1017,0,local_bus,llocal_bus1,2_1017
103,MK039,39 RAINR BCH-SCBD,210103,1039,0,local_bus,llocal_bus1,2_1039
468,CT810,McCollumP&R-UDistri*,210468,3810,0,premium_bus,premium_bus1,2_3810
252,MK156,156 Scnter-S Tac-De*,210252,1156,0,local_bus,llocal_bus1,2_1156
368,ST522,ST522a,210368,6522,0,premium_bus,premium_bus1,2_6522
696,KT005,5 CEDAR HEIGHTS S,210696,4005,0,local_bus,llocal_bus1,2_4005
258,MK168,168 TIMBERLN-KENT,210258,1168,0,local_bus,llocal_bus1,2_1168
464,CT860,870 EDMONDS-UW SB,210464,3860,0,premium_bus,premium_bus1,2_3860
366,MK373,373 AURVL-15TH-UW,210366,1373,0,premium_bus,premium_bus1,2_1373
736,KT012,12 SILVERDLE WEST,210736,4012,0,local_bus,llocal_bus1,2_4012
148,MK067,67 NORTHGTE TC-UW,210148,1067,0,local_bus,llocal_bus1,2_1067
593,PT409,409 PUYALP-SUMNER,210593,2409,0,local_bus,llocal_bus1,2_2409
673,ET018,18 Mukilteo-Evert S*,210673,7018,0,local_bus,llocal_bus1,2_7018
521,CT119,Meadowdale-LynwoodTC,210521,3119,0,local_bus,llocal_bus1,2_3119
300,MK230,230 KNGSG-BTC-RED,210300,1230,0,local_bus,llocal_bus1,2_1230
553,ST586,586 Tacoma-UDist,210553,6586,0,premium_bus,premium_bus1,2_6586
2,MK001,1 KINNEAR-SEA CBD,210002,1001,0,local_bus,llocal_bus1,2_1001
326,MK249,249 BEL-OVRLK-RDM,210326,1249,0,local_bus,llocal_bus1,2_1249
579,PT048,48 SHERIDAN-M ST ,210579,2048,0,local_bus,llocal_bus1,2_2048
687,ET701,ET701,210687,7701,0,local_bus,llocal_bus1,2_7701
322,MK248,248 Avondl-Redmnd T*,210322,1248,0,local_bus,llocal_bus1,2_1248
290,MK213,213 N MERCER ISLN,210290,1213,0,local_bus,llocal_bus1,2_1213
507,CT201,SmokeyPoint-Lynwood*,210507,3201,0,premium_bus,premium_bus1,2_3201
425,MK901,901 MIR LK-FED TC,210425,1901,0,local_bus,llocal_bus1,2_1901
636,PT011,11 POINT DEFIANCE,210636,2011,0,local_bus,llocal_bus1,2_2011
357,MK348,348 RICH BCH-NGTE,210357,1348,0,local_bus,llocal_bus1,2_1348
213,MK125,125 SHWD-WTCT-SEA,210213,1125,0,local_bus,llocal_bus1,2_1125
49,MK014,14 SUMMIT-MT BAKR,210049,1014,0,local_bus,llocal_bus1,2_1014
345,MK312,MK312a,210345,1312,0,premium_bus,premium_bus1,2_1312
387,ST550,550 BELLVU-SEACBD,210387,6550,0,premium_bus,premium_bus1,2_6550
203,MK119,119 DCKTN-VSH HTS,210203,1119,0,local_bus,llocal_bus1,2_1119
562,PT055,55 TAC MALL-PRKLN,210562,2055,0,local_bus,llocal_bus1,2_2055
121,MK046,46 SHLSHL-BLRD-UW EB,210121,1046,0,local_bus,llocal_bus1,2_1046
490,CT275,275 MONR-EVT STN ,210490,3275,0,premium_bus,premium_bus1,2_3275
277,MK200,200 ISSAQ-N ISSAQ,210277,1200,0,local_bus,llocal_bus1,2_1200
705,KT021,21 PERRY AVENUE,210705,4021,0,local_bus,llocal_bus1,2_4021
619,PT212,212 STEILACOOM-P,210619,2212,0,local_bus,llocal_bus1,2_2212
243,MK153,153 KENT-RENTON NB,210243,1153,0,local_bus,llocal_bus1,2_1153
170,MK073,73 JCPK-I5-SEA EX,210170,1073,0,premium_bus,premium_bus1,2_1073
63,MK018,18 LOYAL HTS-SCBD,210063,1018,0,local_bus,llocal_bus1,2_1018
654,WFPDT,WSF PT DEFI-TAHLQ,210654,5004,0,ferry,ferry1,2_5004
434,MK913,913DART Kent Statio*,210434,1913,0,local_bus,llocal_bus1,2_1913
476,ST511,511 ASH WY-SEACBD,210476,6511,0,premium_bus,premium_bus1,2_6511
605,PT300,300 SO TACOMA WAY,210605,2300,0,local_bus,llocal_bus1,2_2300
342,MK272,272 EGT-CRSRDS-UW,210342,1272,0,local_bus,llocal_bus1,2_1272
156,MK071,71 WDG-I5-SCBD EX,210156,1071,0,premium_bus,premium_bus1,2_1071
533,CT110,110 LYNWD TC-EDMD,210533,3110,0,local_bus,llocal_bus1,2_3110
190,MK106,106 RNTN-SKY-SCBD,210190,1106,0,local_bus,llocal_bus1,2_1106
312,MK236,236 WOOD-KNGT-KRK,210312,1236,0,local_bus,llocal_bus1,2_1236
722,KT091,91 INDIANOLA-BAIN,210722,4091,0,premium_bus,premium_bus1,2_4091
17,MK004,4 E Q AN-JUDKN PK,210017,1004,0,local_bus,llocal_bus1,2_1004
453,MK927,927 SAMMISH-ISSQH,210453,1927,0,local_bus,llocal_bus1,2_1927
292,MK219,219 FACT-NEWCS CW SB,210292,1219,0,local_bus,llocal_bus1,2_1219
644,ST578,Puyallup-Seattle,210644,6578,0,premium_bus,premium_bus1,2_6578
132,MK053,53 W SEA CIRCL CW,210132,1053,0,local_bus,llocal_bus1,2_1053
541,PT061,61 NE TAC-BRWN PT,210541,2061,0,premium_bus,premium_bus1,2_2061
509,CT190,112 EDM CC-MKLTEO,210509,3190,0,local_bus,llocal_bus1,2_3190
638,PT100,100  Gig Harbor,210638,2100,0,local_bus,llocal_bus1,2_2100
59,MK017,17 LYLH-BLRD-SCBD,210059,1017,0,local_bus,llocal_bus1,2_1017
427,MK903,903 TWN LK-FED TC,210427,1903,0,local_bus,llocal_bus1,2_1903
741,KT037,37 FAIRGRNDS SHTL,210741,4037,0,local_bus,llocal_bus1,2_4037
469,CT701,701 Swift-Aurora-Ev*,210469,3701,0,premium_bus,premium_bus1,2_3701
598,PT406,406 BUCKLEY,210598,2406,0,local_bus,llocal_bus1,2_2406
24,MK007,7 RAIN BCH-SEACBD,210024,1007,0,local_bus,llocal_bus1,2_1007
82,MK027,27 COLMAN PK-SCBD,210082,1027,0,local_bus,llocal_bus1,2_1027
409,ST566,566 ISSAQ-NGATE EX**,210409,6566,0,premium_bus,premium_bus1,2_6566
305,MK230,230 KNGSG-BTC-RED,210305,1230,0,local_bus,llocal_bus1,2_1230
183,MK101,101 RENTN TC-SCBD,210183,1101,0,local_bus,llocal_bus1,2_1101
526,CT115,114 EDMDS-SLV FIR,210526,3115,0,local_bus,llocal_bus1,2_3115
570,PT052,52 TCC-TCOMA MALL,210570,2052,0,local_bus,llocal_bus1,2_2052
78,MK025,25 LRLHST-UW-SCBD,210078,1025,0,local_bus,llocal_bus1,2_1025
39,MK012,12 CAP HILL-SCBD ,210039,1012,0,local_bus,llocal_bus1,2_1012
692,ET009,9 AIRPORT RD-EVCC,210692,7009,0,local_bus,llocal_bus1,2_7009
698,KT011,11 CROSSTOWN LTD ,210698,4011,0,premium_bus,premium_bus1,2_4011
123,MK048,48 RAIN BC-LYL HT,210123,1048,0,local_bus,llocal_bus1,2_1048
266,MK180,180 Se Auburn-KentS*,210266,1180,0,local_bus,llocal_bus1,2_1180
93,MK036,36 RAINR BCH-SCBD,210093,1036,0,local_bus,llocal_bus1,2_1036
245,MK154,154 AUBURN-BOEING N*,210245,1154,0,local_bus,llocal_bus1,2_1154
581,PT045,45 YAKIMA,210581,2045,0,local_bus,llocal_bus1,2_2045
43,MK013,13 SPU-SEA CBD SB,210043,1013,0,local_bus,llocal_bus1,2_1013
405,ST560,560 BEL-STAC-WSEA,210405,6560,0,premium_bus,premium_bus1,2_6560
675,ET027,27 Murphys Conr-Mal*,210675,7027,0,local_bus,llocal_bus1,2_7027
236,MK148,148 FAIRWD-RENTON,210236,1148,0,local_bus,llocal_bus1,2_1148
567,PT053,53 Manitou,210567,2053,0,local_bus,llocal_bus1,2_2053
392,ST550,550 BELLVU-SEACBD,210392,6550,0,premium_bus,premium_bus1,2_6550
314,MK238,MK238a,210314,1238,0,local_bus,llocal_bus1,2_1238
282,MK204,204 S MI-MERCR IS,210282,1204,0,local_bus,llocal_bus1,2_1204
495,CT247,247 STNWD-EVT BOE,210495,3247,0,premium_bus,premium_bus1,2_3247
710,KT025,25 EAST PARK,210710,4025,0,local_bus,llocal_bus1,2_4025
455,MK927,927 SAMMISH-ISSQH,210455,1927,0,local_bus,llocal_bus1,2_1927
92,MK033,33 MAGNLIA-SEACBD,210092,1033,0,local_bus,llocal_bus1,2_1033
624,PT204,204 LAKEWD-PRKLND,210624,2204,0,local_bus,llocal_bus1,2_2204
175,MK075,75 BALLRD-NGAT-UW,210175,1075,0,local_bus,llocal_bus1,2_1075
481,CT414,414 MCOLM PR-SCBD,210481,3414,0,premium_bus,premium_bus1,2_3414
659,WFFAV,WSF FAUNTLR-VASHN,210659,5002,0,ferry,ferry1,2_5002
439,MK915,915 AUBRN-ENUMCLW,210439,1915,0,local_bus,llocal_bus1,2_1915
724,KT092,92 POUL-SUQ-KNGST,210724,4092,0,local_bus,llocal_bus1,2_4092
224,MK132,132 HL CC-BUR-SEA,210224,1132,0,local_bus,llocal_bus1,2_1132
8,MK003,3 N Q ANNE-MDRONA,210008,1003,0,local_bus,llocal_bus1,2_1003
610,PT028,28 S 12TH ST,210610,2028,0,local_bus,llocal_bus1,2_2028
538,CT101,101 MAR PR-AUR VL,210538,3101,0,local_bus,llocal_bus1,2_3101
36,MK011,11 MADISN PK-SCBD,210036,1011,0,local_bus,llocal_bus1,2_1011
109,MK041,41 LKCTY-NGT-SCBD,210109,1041,0,local_bus,llocal_bus1,2_1041
269,MK181,181 FEDWAY-AUBURN,210269,1181,0,local_bus,llocal_bus1,2_1181
445,MK919,919DARTSE Auburn to*,210445,1919,0,local_bus,llocal_bus1,2_1919
514,CT130,130 LYN TC-AUR VL,210514,3130,0,local_bus,llocal_bus1,2_3130
472,ST535,535 BELV-LYNNWOOD,210472,6535,0,premium_bus,premium_bus1,2_6535
295,MK221,221 Ed Hill-Xroads *,210295,1221,0,local_bus,llocal_bus1,2_1221
95,MK036,36 RAINR BCH-SCBD,210095,1036,0,local_bus,llocal_bus1,2_1036
643,PT001,1 6TH AV-PACIF AV,210643,2001,0,local_bus,llocal_bus1,2_2001
661,WFVSW,WSF VASHN-STHWRTH,210661,5008,0,ferry,ferry1,2_5008
432,MK912,912 ENMCLW-CVNGTN,210432,1912,0,local_bus,llocal_bus1,2_1912
340,MK271,271 ISSQH-BELV-UW,210340,1271,0,local_bus,llocal_bus1,2_1271
217,MK131,131 HL CC-BUR-SEA,210217,1131,0,local_bus,llocal_bus1,2_1131
134,MK054,54 WHTCR-JCT-SCBD,210134,1054,0,local_bus,llocal_bus1,2_1054
188,MK106,106 RNTN-SKY-SCBD,210188,1106,0,local_bus,llocal_bus1,2_1106
206,MK121,121 BURIEN-SEACBD,210206,1121,0,local_bus,llocal_bus1,2_1121
18,MK005,5 SH CC-GRWD-SCBD,210018,1005,0,local_bus,llocal_bus1,2_1005
703,KT020,20 NAVY YARD CITY,210703,4020,0,local_bus,llocal_bus1,2_4020
284,MK206,206 NWPRT HS-NEWC N*,210284,1206,0,local_bus,llocal_bus1,2_1206
56,MK016,16 NGT-WLFRD-SCBD,210056,1016,0,local_bus,llocal_bus1,2_1016
743,KT008,8 TREMONT SB     ,210743,4008,0,local_bus,llocal_bus1,2_4008
177,MK075,75 BALLRD-NGAT-UW,210177,1075,0,local_bus,llocal_bus1,2_1075
586,PT413,413 Wildwood,210586,2413,0,local_bus,llocal_bus1,2_2413
143,MK060,60 WTCR-GTWN-BDWY,210143,1060,0,local_bus,llocal_bus1,2_1060
327,MK251,251 UW BTH-RD-KRK,210327,1251,0,local_bus,llocal_bus1,2_1251
680,ET003,3 W Casino Rd-EvrtS*,210680,7003,0,local_bus,llocal_bus1,2_7003
612,PT220,220 ORCHARD,210612,2220,0,local_bus,llocal_bus1,2_2220
163,MK073,73 JCPK-I5-SEA EX,210163,1073,0,premium_bus,premium_bus1,2_1073
572,PT501,501 MILTON-FED WY,210572,2501,0,local_bus,llocal_bus1,2_2501
317,MK240,240 BEL-NEWC-RENT,210317,1240,0,local_bus,llocal_bus1,2_1240
193,MK110,110 N RNTN-SW RNT SB,210193,1110,0,local_bus,llocal_bus1,2_1110
715,KT034,34 BANGOR SHUTTLE,210715,4034,0,premium_bus,premium_bus1,2_4034
460,MK952,MK952a,210460,1952,0,premium_bus,premium_bus1,2_1952
500,CT222,222 MRYSVL-TULALP,210500,3222,0,local_bus,llocal_bus1,2_3222
629,PT002,2 19TH-BRIDGEPORT,210629,2002,0,local_bus,llocal_bus1,2_2002
350,MK345,345 SHRL CC-NGATE,210350,1345,0,local_bus,llocal_bus1,2_1345
238,MK149,149 BLK DIA-RENTN,210238,1149,0,local_bus,llocal_bus1,2_1149
444,MK918,918 KENT-NO KENT NB,210444,1918,0,local_bus,llocal_bus1,2_1918
101,MK038,38 RNR-BC HL-SODO,210101,1038,0,local_bus,llocal_bus1,2_1038
729,KT043,43 VIKING AVE,210729,4043,0,local_bus,llocal_bus1,2_4043
13,MK003,3 N Q ANNE-MDRONA,210013,1003,0,local_bus,llocal_bus1,2_1003
229,MK134,134 BURIEN-SEACBD,210229,1134,0,local_bus,llocal_bus1,2_1134
382,ST545,545 RED-SCBD-HLGT,210382,6545,0,premium_bus,premium_bus1,2_6545
114,MK043,43 UW-CAP HL-SCBD,210114,1043,0,local_bus,llocal_bus1,2_1043
274,MK187,187 TWIN LK-FEDWY,210274,1187,0,local_bus,llocal_bus1,2_1187
647,RLLRL,LITE RL TCOMA CBD,210647,6010,0,light_rail,llight_rail1,2_6010
483,CT401,402 Lynwood-Seattle ,210483,3401,0,premium_bus,premium_bus1,2_3401
416,ST599,599 Lakewood-Tacoma*,210416,6599,0,premium_bus,premium_bus1,2_6599
519,CT120,120 LYN TC-UW BTH,210519,3120,0,local_bus,llocal_bus1,2_3120
253,MK164,164 GR RV CC-KENT,210253,1164,0,local_bus,llocal_bus1,2_1164
100,MK037,37 AL JCT-SCBD EX NB,210100,1037,0,premium_bus,premium_bus1,2_1037
222,MK131,131 HL CC-BUR-SEA,210222,1131,0,local_bus,llocal_bus1,2_1131
375,ST540,540 REDMOND-UW WB,210375,6540,0,premium_bus,premium_bus1,2_6540
297,MK222,222 OVRL-EGT-BELV,210297,1222,0,local_bus,llocal_bus1,2_1222
548,ST590,590 Tacoma-Seatt,210548,6590,0,premium_bus,premium_bus1,2_6590
399,ST554,554 ISSAQ-SEA CBD,210399,6554,0,premium_bus,premium_bus1,2_6554
574,PT501,501 MILTON-FED WY,210574,2501,0,local_bus,llocal_bus1,2_2501
64,MK021,21 ARBOR HTS-SCBD,210064,1021,0,local_bus,llocal_bus1,2_1021
502,CT221,221 QL CDA-LK STV,210502,3221,0,local_bus,llocal_bus1,2_3221
422,MK889,889 HOUGHTON-INTNL *,210422,1889,0,local_bus,llocal_bus1,2_1889
631,PT016,16 UPS-TCC,210631,2016,0,local_bus,llocal_bus1,2_2016
462,CT871,870 EDMONDS-UW SB,210462,3871,0,premium_bus,premium_bus1,2_3871
591,PT041,41 PORTLAND AVE,210591,2041,0,local_bus,llocal_bus1,2_2041
332,MK253,253 RED-OVRLK-BEL,210332,1253,0,local_bus,llocal_bus1,2_1253
208,MK121,121 BURIEN-SEACBD,210208,1121,0,local_bus,llocal_bus1,2_1121
760,MKFF1,EL BAY WATER TAXI EB,210760,5009,0,ferry,ferry1,2_5009
617,PT212,212 STEILACOOM-P,210617,2212,0,local_bus,llocal_bus1,2_2212
87,MK030,30 Sand Point to U *,210087,1030,0,local_bus,llocal_bus1,2_1030
168,MK073,73 JCPK-I5-SEA EX,210168,1073,0,premium_bus,premium_bus1,2_1073
198,MK118,118 TAHLQ-VSH HTS,210198,1118,0,local_bus,llocal_bus1,2_1118
324,MK249,249 BEL-OVRLK-RDM,210324,1249,0,local_bus,llocal_bus1,2_1249
694,ET014,14 Mall Circl,210694,7014,0,local_bus,llocal_bus1,2_7014
128,MK049,49 UW-BRDWAY-SCBD,210128,1049,0,local_bus,llocal_bus1,2_1049
116,MK043,43 UW-CAP HL-SCBD,210116,1043,0,local_bus,llocal_bus1,2_1043
54,MK015,15 CROWN HLL-SCBD,210054,1015,0,premium_bus,premium_bus1,2_1015
355,MK347,347 MTLK TER-NGTE,210355,1347,0,local_bus,llocal_bus1,2_1347
649,WFEDK,WSF EDMNDS-KNGSTN,210649,5001,0,ferry,ferry1,2_5001
734,KT012,12 SILVERDLE WEST,210734,4012,0,local_bus,llocal_bus1,2_4012
263,MK174,174 FDWY-STAC-SEA,210263,1174,0,local_bus,llocal_bus1,2_1174
471,ST535,BellevueTC-Lynwood,210471,6535,0,premium_bus,premium_bus1,2_6535
15,MK004,4 E Q AN-JUDKN PK,210015,1004,0,local_bus,llocal_bus1,2_1004
600,PT402,402 MERIDIAN,210600,2402,0,local_bus,llocal_bus1,2_2402
47,MK014,14 SUMMIT-MT BAKR,210047,1014,0,local_bus,llocal_bus1,2_1014
26,MK007,7 RAIN BCH-SEACBD,210026,1007,0,local_bus,llocal_bus1,2_1007
560,PT056,56 56TH ST,210560,2056,0,local_bus,llocal_bus1,2_2056
307,MK233,233 AVNDL-OVLK-BL,210307,1233,0,local_bus,llocal_bus1,2_1233
138,MK055,55 ADMRL-JCT-SCBD,210138,1055,0,local_bus,llocal_bus1,2_1055
528,CT113,113 LynwdTC-Mukilte*,210528,3113,0,local_bus,llocal_bus1,2_3113
448,MK921,921 BELV-SOMERSET,210448,1921,0,local_bus,llocal_bus1,2_1921
717,KTFF1,FT FER BREM-PT OR,210717,4501,0,ferry,ferry1,2_4501
5,MK002,2 W Q ANN-MADRONA,210005,1002,0,local_bus,llocal_bus1,2_1002
488,CT277,227 Boeing-EverettSt,210488,3277,0,premium_bus,premium_bus1,2_3277
484,CT280,227 Boeing-EverettSt,210484,3280,0,local_bus,llocal_bus1,2_3280
442,MK917,917 AUBR-ALGN-PAC,210442,1917,0,local_bus,llocal_bus1,2_1917
613,PT220,220 ORCHARD,210613,2220,0,local_bus,llocal_bus1,2_2220
227,MK132,132 HL CC-BUR-SEA,210227,1132,0,local_bus,llocal_bus1,2_1132
11,MK003,3 N Q ANNE-MDRONA,210011,1003,0,local_bus,llocal_bus1,2_1003
651,WFFSW,WSF FAUNTLR-SWRTH,210651,5003,0,ferry,ferry1,2_5003
380,ST545,545 RED-SCBD-HLGT,210380,6545,0,premium_bus,premium_bus1,2_6545
194,MK110,110 N RNTN-SW RNT SB,210194,1110,0,local_bus,llocal_bus1,2_1110
112,MK042,42 RAINER VW-SCBD,210112,1042,0,local_bus,llocal_bus1,2_1042
272,MK183,183 FEDRL WY-KENT,210272,1183,0,local_bus,llocal_bus1,2_1183
371,ST522,ST522d,210371,6522,0,premium_bus,premium_bus1,2_6522
410,ST566,566 ISSAQ-NGATE EX**,210410,6566,0,premium_bus,premium_bus1,2_6566
336,MK269,269 OVLK-SAHL-ISS NB,210336,1269,0,local_bus,llocal_bus1,2_1269
467,CT810,812 MarinerP&R-McCo*,210467,3810,0,premium_bus,premium_bus1,2_3810
261,MK169,169 KNT TC-RNT TC,210261,1169,0,local_bus,llocal_bus1,2_1169
733,KT012,12 SILVERDLE WEST,210733,4012,0,local_bus,llocal_bus1,2_4012
151,MK068,68 NORTHGATE-UW S,210151,1068,0,local_bus,llocal_bus1,2_1068
596,PT407,407 BON LK-PR RDG,210596,2407,0,local_bus,llocal_bus1,2_2407
33,MK010,10 CAP HILL-SCBD ,210033,1010,0,local_bus,llocal_bus1,2_1010
556,ST574,574 Lakewood-Sea,210556,6574,0,premium_bus,premium_bus1,2_6574
303,MK230,230 KNGSG-BTC-RED,210303,1230,0,local_bus,llocal_bus1,2_1230
524,CT116,114 EDMDS-SLV FIR,210524,3116,0,local_bus,llocal_bus1,2_3116
670,ET017,17 Mall Statn NB,210670,7017,0,local_bus,llocal_bus1,2_7017
76,MK025,25 LRLHST-UW-SCBD,210076,1025,0,local_bus,llocal_bus1,2_1025
406,ST560,560 BEL-STAC-WSEA,210406,6560,0,premium_bus,premium_bus1,2_6560
582,PT444,444  Parkland-Sp,210582,2444,0,local_bus,llocal_bus1,2_2444
668,PT603,603 OLY-SR512-TAC,210668,2603,0,premium_bus,premium_bus1,2_2603
510,CT190,112 EDM CC-MKLTEO,210510,3190,0,local_bus,llocal_bus1,2_3190
68,MK022,22 WHITE CTR-SCBD,210068,1022,0,local_bus,llocal_bus1,2_1022
412,ST577,577 FED WY-SEACBD NB,210412,6577,0,premium_bus,premium_bus1,2_6577
360,MK358,358 AUR VL-SEACBD,210360,1358,0,premium_bus,premium_bus1,2_1358
639,PT100,100  Gig Harbor,210639,2100,0,local_bus,llocal_bus1,2_2100
428,MK908,908 RNT-RNT HLNDS,210428,1908,0,local_bus,llocal_bus1,2_1908
758,PT051,51 TCC-TCOMA MAL,210758,2051,0,local_bus,llocal_bus1,2_2051
216,MK128,128 W SEA-SOCENTR,210216,1128,0,local_bus,llocal_bus1,2_1128
346,MK330,330 SHRL CC-LKCTY,210346,1330,0,local_bus,llocal_bus1,2_1330
719,KT090,90 POULS TC-BAINB,210719,4090,0,premium_bus,premium_bus1,2_4090
234,MK140,140 BUR-SEATC-RNT,210234,1140,0,local_bus,llocal_bus1,2_1140
40,MK012,12 CAP HILL-SCBD ,210040,1012,0,local_bus,llocal_bus1,2_1012
390,ST550,550 BELLVU-SEACBD,210390,6550,0,premium_bus,premium_bus1,2_6550
565,PT054,54 38TH ST,210565,2054,0,local_bus,llocal_bus1,2_2054
280,MK203,203 N MERCER ISLN,210280,1203,0,local_bus,llocal_bus1,2_1203
124,MK048,48 RAIN BC-LYL HT,210124,1048,0,local_bus,llocal_bus1,2_1048
493,CT270,270 EVRT-GOLD BAR,210493,3270,0,local_bus,llocal_bus1,2_3270
173,MK075,75 BALLRD-NGAT-UW,210173,1075,0,local_bus,llocal_bus1,2_1075
702,KT017,17 KITSP MALL LTD,210702,4017,0,local_bus,llocal_bus1,2_4017
622,PT206,206 PAC HWY-TILCM,210622,2206,0,local_bus,llocal_bus1,2_2206
404,ST560,560 BEL-STAC-WSEA,210404,6560,0,premium_bus,premium_bus1,2_6560
246,MK155,155 FAIRWD-SOCNTR,210246,1155,0,local_bus,llocal_bus1,2_1155
104,MK039,39 RAINR BCH-SCBD,210104,1039,0,local_bus,llocal_bus1,2_1039
449,MK921,921 BELV-SOMERSET,210449,1921,0,local_bus,llocal_bus1,2_1921
721,KT090,90 POULS TC-BAINB,210721,4090,0,local_bus,llocal_bus1,2_4090
45,MK014,14 SUMMIT-MT BAKR,210045,1014,0,local_bus,llocal_bus1,2_1014
656,WFSBI,WSF SEA-BAINB ISL,210656,5005,0,ferry,ferry1,2_5005
385,ST545,545 RED-SCBD-HLGT,210385,6545,0,premium_bus,premium_bus1,2_6545
558,PT057,57 Tacoma Mall,210558,2057,0,local_bus,llocal_bus1,2_2057
486,CT280,GraniteFalls-Everet*,210486,3280,0,local_bus,llocal_bus1,2_3280
3,MK002,2 W Q ANN-MADRONA,210003,1002,0,local_bus,llocal_bus1,2_1002
293,MK221,221 Ed Hill-Xroads *,210293,1221,0,local_bus,llocal_bus1,2_1221
135,MK054,54 WHTCR-JCT-SCBD,210135,1054,0,local_bus,llocal_bus1,2_1054
544,ST592,592 Dupont-Seattle,210544,6592,0,premium_bus,premium_bus1,2_6592
512,CT131,131 EDM CC-AUR VL,210512,3131,0,local_bus,llocal_bus1,2_3131
672,ET018,18 Mukilteo-Evert S*,210672,7018,0,local_bus,llocal_bus1,2_7018
641,PT010,10 PEARL ST,210641,2010,0,local_bus,llocal_bus1,2_2010
264,MK174,174 FDWY-STAC-SEA,210264,1174,0,local_bus,llocal_bus1,2_1174
430,MK909,909 KENNYDL-RENTN,210430,1909,0,local_bus,llocal_bus1,2_1909
338,MK271,271 ISSQH-BELV-UW,210338,1271,0,local_bus,llocal_bus1,2_1271
152,MK070,70 UW-SEATTLE CBD,210152,1070,0,local_bus,llocal_bus1,2_1070
601,PT402,402 MERIDIAN,210601,2402,0,local_bus,llocal_bus1,2_2402
738,KT032,32 POULSBO-SLVRDL,210738,4032,0,local_bus,llocal_bus1,2_4032
529,CT113,113 LynwdTC-Mukilte*,210529,3113,0,local_bus,llocal_bus1,2_3113
308,MK233,233 AVNDL-OVLK-BL,210308,1233,0,local_bus,llocal_bus1,2_1233
186,MK106,106 RNTN-SKY-SCBD,210186,1106,0,local_bus,llocal_bus1,2_1106
328,MK251,251 UW BTH-RD-KRK,210328,1251,0,local_bus,llocal_bus1,2_1251
204,MK120,120 BUR-DELR-SCBD,210204,1120,0,local_bus,llocal_bus1,2_1120
126,MK048,48 RAIN BC-LYL HT,210126,1048,0,local_bus,llocal_bus1,2_1048
446,MK919,919DARTSE Auburn to*,210446,1919,0,local_bus,llocal_bus1,2_1919
684,ET007,7 EVERGRN-N COLBY,210684,7007,0,local_bus,llocal_bus1,2_7007
96,MK036,36 RAINR BCH-SCBD,210096,1036,0,local_bus,llocal_bus1,2_1036
248,MK155,155 FAIRWD-SOCNTR,210248,1155,0,local_bus,llocal_bus1,2_1155
218,MK131,131 HL CC-BUR-SEA,210218,1131,0,local_bus,llocal_bus1,2_1131
141,MK060,60 WTCR-GTWN-BDWY,210141,1060,0,local_bus,llocal_bus1,2_1060
584,PT042,42 MCKINLEY AVE,210584,2042,0,local_bus,llocal_bus1,2_2042
50,MK015,15 CROWN HLL-SCBD,210050,1015,0,local_bus,llocal_bus1,2_1015
161,MK072,72 LKC-I5-SCBD EX,210161,1072,0,premium_bus,premium_bus1,2_1072
73,MK024,24 MAGNOLIA-SCBD ,210073,1024,0,local_bus,llocal_bus1,2_1024
395,ST554,554 ISSAQ-SEA CBD,210395,6554,0,premium_bus,premium_bus1,2_6554
285,MK207,207 NWPRT HS-EGTE EB,210285,1207,0,local_bus,llocal_bus1,2_1207
458,MK935,935 KENMR-KINGSGT,210458,1935,0,local_bus,llocal_bus1,2_1935
498,CT227,227 Boeing-Arlington,210498,3227,0,premium_bus,premium_bus1,2_3227
707,KT023,23 KARIOTS/TRCYTN,210707,4023,0,local_bus,llocal_bus1,2_4023
348,MK331,331 KENMOR-SHR CC,210348,1331,0,local_bus,llocal_bus1,2_1331
627,PT202,202 72ND STREET E,210627,2202,0,local_bus,llocal_bus1,2_2202
27,MK008,8 SEACTR-CAP-RANR,210027,1008,0,local_bus,llocal_bus1,2_1008
61,MK018,18 LOYAL HTS-SCBD,210061,1018,0,local_bus,llocal_bus1,2_1018
474,ST511,511 ASH WY-SEACBD,210474,6511,0,premium_bus,premium_bus1,2_6511
105,MK041,41 LKCTY-NGT-SCBD,210105,1041,0,local_bus,llocal_bus1,2_1041
232,MK140,140 BUR-SEATC-RNT,210232,1140,0,local_bus,llocal_bus1,2_1140
154,MK070,70 UW-SEATTLE CBD,210154,1070,0,local_bus,llocal_bus1,2_1070
603,PT402,402 MERIDIAN,210603,2402,0,local_bus,llocal_bus1,2_2402
726,KT086,86 SOUTHWRTH SHTL,210726,4086,0,local_bus,llocal_bus1,2_4086
531,CT112,112 EDM CC-MKLTEO,210531,3112,0,local_bus,llocal_bus1,2_3112
388,ST550,550 BELLVU-SEACBD,210388,6550,0,premium_bus,premium_bus1,2_6550
563,PT055,55 TAC MALL-PRKLN,210563,2055,0,local_bus,llocal_bus1,2_2055
310,MK234,234 KENMR-KRK-BEL,210310,1234,0,local_bus,llocal_bus1,2_1234
491,CT275,275 MONR-EVT STN ,210491,3275,0,premium_bus,premium_bus1,2_3275
278,MK200,200 ISSAQ-N ISSAQ,210278,1200,0,local_bus,llocal_bus1,2_1200
451,MK926,926 CROSSRDS-EGTE,210451,1926,0,local_bus,llocal_bus1,2_1926
414,ST599,599 Lakewood-Tacoma*,210414,6599,0,premium_bus,premium_bus1,2_6599
298,MK222,222 OVRL-EGT-BELV,210298,1222,0,local_bus,llocal_bus1,2_1222
517,CT121,121 LYN TC-UW BTH,210517,3121,0,local_bus,llocal_bus1,2_3121
677,ET029,29 Mall Sta - Coll *,210677,7029,0,local_bus,llocal_bus1,2_7029
98,MK036,36 RAINR BCH-SCBD,210098,1036,0,local_bus,llocal_bus1,2_1036
435,MK913,913DART Kent Statio*,210435,1913,0,local_bus,llocal_bus1,2_1913
658,WFSBR,WSF SEA-BREMERTON,210658,5006,0,ferry,ferry1,2_5006
220,MK131,131 HL CC-BUR-SEA,210220,1131,0,local_bus,llocal_bus1,2_1131
343,MK277,277 JUANITA-UW WB**,210343,1277,0,local_bus,llocal_bus1,2_1277
373,ST540,540 REDMOND-UW WB,210373,6540,0,premium_bus,premium_bus1,2_6540
546,ST592,592 Dupont-Seattle,210546,6592,0,premium_bus,premium_bus1,2_6592
191,MK107,107 RNTN-RANR BCH,210191,1107,0,local_bus,llocal_bus1,2_1107
397,ST554,554 ISSAQ-SEA CBD,210397,6554,0,premium_bus,premium_bus1,2_6554
209,MK122,122 HILNE CC-SCBD N*,210209,1122,0,local_bus,llocal_bus1,2_1122
287,MK209,209 NO BND-ISSAQH,210287,1209,0,local_bus,llocal_bus1,2_1209
21,MK005,5 SH CC-GRWD-SCBD,210021,1005,0,local_bus,llocal_bus1,2_1005
689,ET008,8 MERRIL CK-EV ST,210689,7008,0,local_bus,llocal_bus1,2_7008
695,KT005,5 CEDAR HEIGHTS S,210695,4005,0,local_bus,llocal_bus1,2_4005
420,MK885,885 BELLEVUE TC-WIL*,210420,1885,0,local_bus,llocal_bus1,2_1885
254,MK164,164 GR RV CC-KENT,210254,1164,0,local_bus,llocal_bus1,2_1164
589,PT410,410 112TH STREET,210589,2410,0,local_bus,llocal_bus1,2_2410
146,MK066,66 NGATE-UW-SCBD ,210146,1066,0,premium_bus,premium_bus1,2_1066
330,MK253,253 RED-OVRLK-BEL,210330,1253,0,local_bus,llocal_bus1,2_1253
166,MK073,73 JCPK-I5-SEA EX,210166,1073,0,premium_bus,premium_bus1,2_1073
615,PT214,214 WASHINGTON,210615,2214,0,local_bus,llocal_bus1,2_2214
196,MK118,118 TAHLQ-VSH HTS,210196,1118,0,local_bus,llocal_bus1,2_1118
575,PT501,501 MILTON-FED WY,210575,2501,0,local_bus,llocal_bus1,2_2501
320,MK245,245 KRK-OVRLK-FCT,210320,1245,0,local_bus,llocal_bus1,2_1245
180,MK099,99 WATRFRNT STCAR,210180,1099,0,local_bus,llocal_bus1,2_1099
353,MK346,346 AUR VIL-NGATE,210353,1346,0,local_bus,llocal_bus1,2_1346
632,PT013,13 N 30TH ST,210632,2013,0,local_bus,llocal_bus1,2_2013
52,MK015,15 CROWN HLL-SCBD,210052,1015,0,local_bus,llocal_bus1,2_1015
712,KT026,26 WEST PARK,210712,4026,0,local_bus,llocal_bus1,2_4026
479,ST510,510 EVERTT-SEACBD,210479,6510,0,premium_bus,premium_bus1,2_6510
270,MK182,182 NE TAC-FED WY,210270,1182,0,local_bus,llocal_bus1,2_1182
437,MK914,914 KENT-EAST HLL,210437,1914,0,local_bus,llocal_bus1,2_1914
731,KT024,24 OLYMPIC COLLEG,210731,4024,0,local_bus,llocal_bus1,2_4024
608,PT003,3 LAKEWOOD-TACOMA,210608,2003,0,local_bus,llocal_bus1,2_2003
85,MK028,28 BROADVW-SEACBD,210085,1028,0,local_bus,llocal_bus1,2_1028
159,MK072,72 LKC-I5-SCBD EX,210159,1072,0,premium_bus,premium_bus1,2_1072
408,ST566,566 ISSAQ-NGATE EX**,210408,6566,0,premium_bus,premium_bus1,2_6566
34,MK011,11 MADISN PK-SCBD,210034,1011,0,local_bus,llocal_bus1,2_1011
536,CT105,Bothell-MarinerP&R,210536,3105,0,local_bus,llocal_bus1,2_3105
107,MK041,41 LKCTY-NGT-SCBD,210107,1041,0,local_bus,llocal_bus1,2_1041
456,MK929,929 NO BEND-REDMD,210456,1929,0,local_bus,llocal_bus1,2_1929
130,MK051,51 ADM-JCT CIRCLE,210130,1051,0,local_bus,llocal_bus1,2_1051
31,MK010,10 CAP HILL-SCBD ,210031,1010,0,local_bus,llocal_bus1,2_1010
250,MK156,156 Scnter-S Tac-De*,210250,1156,0,local_bus,llocal_bus1,2_1156
682,ET005,5 Everett Circ SB,210682,7005,0,local_bus,llocal_bus1,2_7005
364,MK372,MK372c,210364,1372,0,premium_bus,premium_bus1,2_1372
256,MK166,166 DES MOIN-KENT,210256,1166,0,local_bus,llocal_bus1,2_1166
225,MK132,132 HL CC-BUR-SEA,210225,1132,0,local_bus,llocal_bus1,2_1132
663,RLMNR,MNRL SEACTR-WSTLK,210663,8001,0,light_rail,llight_rail1,2_8001
418,MK661,661 ROYAL BROUGH-6A*,210418,1661,0,local_bus,llocal_bus1,2_1661
551,PT059,59 MANITOU,210551,2059,0,local_bus,llocal_bus1,2_2059
378,ST545,545 RED-SCBD-HLGT,210378,6545,0,premium_bus,premium_bus1,2_6545
71,MK023,23 WHITE CTR-SCBD,210071,1023,0,local_bus,llocal_bus1,2_1023
139,MK056,56 ALKI-SEA CBD N,210139,1056,0,local_bus,llocal_bus1,2_1056
577,PT500,500 FEDERAL WAY N,210577,2500,0,local_bus,llocal_bus1,2_2500
67,MK021,21 ARBOR HTS-SCBD,210067,1021,0,local_bus,llocal_bus1,2_1021
505,CT202,SmokeyPoint-Lynwood*,210505,3202,0,premium_bus,premium_bus1,2_3202
30,MK009,9 RAINR BCH-BRDWY,210030,1009,0,premium_bus,premium_bus1,2_1009
465,CT855,855 LYNNWOOD-UW N,210465,3855,0,premium_bus,premium_bus1,2_3855
634,PT113,113 Key Peninsul,210634,2113,0,local_bus,llocal_bus1,2_2113
700,KT013,13 PARKWOOD E LTD,210700,4013,0,local_bus,llocal_bus1,2_4013
594,PT408,408 Sumner to Bonne*,210594,2408,0,local_bus,llocal_bus1,2_2408
211,MK124,124 Tukwila Intl Bl*,210211,1124,0,local_bus,llocal_bus1,2_1124
740,KT035,35 OLD TOWN SHTTL,210740,4035,0,local_bus,llocal_bus1,2_4035
80,MK026,26 E GRNLK-SEACBD,210080,1026,0,local_bus,llocal_bus1,2_1026
620,PT207,207 Ft Lewis,210620,2207,0,local_bus,llocal_bus1,2_2207
89,MK031,31 UW-FRMNT-MAGNL,210089,1031,0,local_bus,llocal_bus1,2_1031
714,KT029,29 TRENTON AVENUE,210714,4029,0,local_bus,llocal_bus1,2_4029
171,MK074,74 NOAA-UW-LWR QA,210171,1074,0,premium_bus,premium_bus1,2_1074
74,MK025,25 LRLHST-UW-SCBD,210074,1025,0,local_bus,llocal_bus1,2_1025
201,MK118,118 TAHLQ-VSH HTS,210201,1118,0,local_bus,llocal_bus1,2_1118
119,MK044,44 BLLRD-UW-MNTLK,210119,1044,0,local_bus,llocal_bus1,2_1044
323,MK248,248 Avondl-Redmnd T*,210323,1248,0,local_bus,llocal_bus1,2_1248
691,ET009,9 AIRPORT RD-EVCC,210691,7009,0,local_bus,llocal_bus1,2_7009
241,MK150,150 AUB-KENT-SCBD,210241,1150,0,local_bus,llocal_bus1,2_1150
115,MK043,43 UW-CAP HL-SCBD,210115,1043,0,local_bus,llocal_bus1,2_1043
275,MK187,187 TWIN LK-FEDWY,210275,1187,0,local_bus,llocal_bus1,2_1187
164,MK073,73 JCPK-I5-SEA EX,210164,1073,0,premium_bus,premium_bus1,2_1073
716,KTFF1,FT FER BREM-PT OR,210716,4501,0,ferry,ferry1,2_4501
53,MK015,15 CROWN HLL-SCBD,210053,1015,0,local_bus,llocal_bus1,2_1015
573,PT501,501 MILTON-FED WY,210573,2501,0,local_bus,llocal_bus1,2_2501
398,ST554,554 ISSAQ-SEA CBD,210398,6554,0,premium_bus,premium_bus1,2_6554
318,MK245,245 KRK-OVRLK-FCT,210318,1245,0,local_bus,llocal_bus1,2_1245
288,MK209,209 NO BND-ISSAQH,210288,1209,0,local_bus,llocal_bus1,2_1209
178,MK098,98 SLU STREETCAR**,210178,1098,0,local_bus,llocal_bus1,2_1098
693,ET025,25 Everett Circl,210693,7025,0,local_bus,llocal_bus1,2_7025
527,CT115,116 EDM-ECC-SL FR,210527,3115,0,local_bus,llocal_bus1,2_3115
184,MK105,105 RNT-RNT HGLND,210184,1105,0,local_bus,llocal_bus1,2_1105
306,MK232,232 DUVLL-RED-BEL SB,210306,1232,0,local_bus,llocal_bus1,2_1232
559,PT057,57 Tacoma Mall,210559,2057,0,local_bus,llocal_bus1,2_2057
447,MK921,921 BELV-SOMERSET,210447,1921,0,local_bus,llocal_bus1,2_1921
102,MK038,38 RNR-BC HL-SODO,210102,1038,0,local_bus,llocal_bus1,2_1038
616,PT212,212 STEILACOOM,210616,2212,0,local_bus,llocal_bus1,2_2212
230,MK139,139 GRG HT-BURIEN,210230,1139,0,local_bus,llocal_bus1,2_1139
86,MK030,30 Sand Point to U *,210086,1030,0,local_bus,llocal_bus1,2_1030
648,RLLRL,LITE RL TCOMA CBD,210648,6010,0,light_rail,llight_rail1,2_6010
197,MK118,118 TAHLQ-VSH HTS,210197,1118,0,local_bus,llocal_bus1,2_1118
383,ST545,545 RED-SCBD-HLGT,210383,6545,0,premium_bus,premium_bus1,2_6545
742,KT041,41 LINCOLN DRIVE ,210742,4041,0,local_bus,llocal_bus1,2_4041
44,MK013,13 SPU-SEA CBD SB,210044,1013,0,local_bus,llocal_bus1,2_1013
133,MK053,53 W SEA CIRCL CW,210133,1053,0,local_bus,llocal_bus1,2_1053
542,ST594,594 LKWD-TAC-SCBD,210542,6594,0,premium_bus,premium_bus1,2_6594
679,ET003,3 W Casino Rd-EvrtS*,210679,7003,0,local_bus,llocal_bus1,2_7003
470,CT701,701 Swift-Aurora-Ev*,210470,3701,0,premium_bus,premium_bus1,2_3701
262,MK174,174 FDWY-STAC-SEA,210262,1174,0,local_bus,llocal_bus1,2_1174
660,WFFAV,WSF FAUNTLR-VASHN,210660,5002,0,ferry,ferry1,2_5002
599,PT406,406 BUCKLEY,210599,2406,0,local_bus,llocal_bus1,2_2406
83,MK027,27 COLMAN PK-SCBD,210083,1027,0,local_bus,llocal_bus1,2_1027
25,MK007,7 RAIN BCH-SEACBD,210025,1007,0,local_bus,llocal_bus1,2_1007
176,MK075,75 BALLRD-NGAT-UW,210176,1075,0,local_bus,llocal_bus1,2_1075
625,PT204,204 LAKEWD-PRKLND,210625,2204,0,local_bus,llocal_bus1,2_2204
79,MK025,25 LRLHST-UW-SCBD,210079,1025,0,local_bus,llocal_bus1,2_1025
142,MK060,60 WTCR-GTWN-BDWY,210142,1060,0,local_bus,llocal_bus1,2_1060
585,PT042,42 MCKINLEY AVE,210585,2042,0,local_bus,llocal_bus1,2_2042
513,CT131,131 EDM CC-AUR VL,210513,3131,0,local_bus,llocal_bus1,2_3131
267,MK180,180 Se Auburn-KentS*,210267,1180,0,local_bus,llocal_bus1,2_1180
94,MK036,36 RAINR BCH-SCBD,210094,1036,0,local_bus,llocal_bus1,2_1036
642,PT001,1 6TH AV-PACIF AV,210642,2001,0,local_bus,llocal_bus1,2_2001
431,MK909,909 KENNYDL-RENTN,210431,1909,0,local_bus,llocal_bus1,2_1909
6,MK002,2 W Q ANN-MADRONA,210006,1002,0,local_bus,llocal_bus1,2_1002
489,CT277,227 Boeing-EverettSt,210489,3277,0,premium_bus,premium_bus1,2_3277
618,PT212,212 STEILACOOM,210618,2212,0,local_bus,llocal_bus1,2_2212
403,ST560,560 BEL-STAC-WSEA,210403,6560,0,premium_bus,premium_bus1,2_6560
344,MK301,301 RICH BCH-SCBD SB,210344,1301,0,local_bus,llocal_bus1,2_1301
169,MK073,73 JCPK-I5-SEA EX,210169,1073,0,premium_bus,premium_bus1,2_1073
578,PT048,48 SHERIDAN-M ST ,210578,2048,0,local_bus,llocal_bus1,2_2048
199,MK118,118 TAHLQ-VSH HTS,210199,1118,0,local_bus,llocal_bus1,2_1118
325,MK249,249 BEL-OVRLK-RDM,210325,1249,0,local_bus,llocal_bus1,2_1249
117,MK043,43 UW-CAP HL-SCBD,210117,1043,0,local_bus,llocal_bus1,2_1043
129,MK049,49 UW-BRDWAY-SCBD,210129,1049,0,local_bus,llocal_bus1,2_1049
189,MK106,106 RNTN-SKY-SCBD,210189,1106,0,local_bus,llocal_bus1,2_1106
532,CT110,110 LYNWD TC-EDMD,210532,3110,0,local_bus,llocal_bus1,2_3110
16,MK004,4 E Q AN-JUDKN PK,210016,1004,0,local_bus,llocal_bus1,2_1004
452,MK927,927 SAMMISH-ISSQH,210452,1927,0,local_bus,llocal_bus1,2_1927
653,WFPDT,WSF PT DEFI-TAHLQ,210653,5004,0,ferry,ferry1,2_5004
48,MK014,14 SUMMIT-MT BAKR,210048,1014,0,local_bus,llocal_bus1,2_1014
561,PT056,56 56TH ST,210561,2056,0,local_bus,llocal_bus1,2_2056
386,ST550,550 BELLVU-SEACBD,210386,6550,0,premium_bus,premium_bus1,2_6550
587,PT413,413 Wildwood,210587,2413,0,local_bus,llocal_bus1,2_2413
144,MK065,65 LKCTY-WDGWD-UW,210144,1065,0,local_bus,llocal_bus1,2_1065
221,MK131,131 HL CC-BUR-SEA,210221,1131,0,local_bus,llocal_bus1,2_1131
515,CT130,130 LYN TC-AUR VL,210515,3130,0,local_bus,llocal_bus1,2_3130
547,ST590,590 Tacoma-Seatt,210547,6590,0,premium_bus,premium_bus1,2_6590
374,ST540,540 REDMOND-UW WB,210374,6540,0,premium_bus,premium_bus1,2_6540
296,MK221,221 Ed Hill-Xroads *,210296,1221,0,local_bus,llocal_bus1,2_1221
759,MKFF1,EL BAY WATER TAXI WB,210759,5009,0,ferry,ferry1,2_5009
475,ST511,511 ASH WY-SEACBD,210475,6511,0,premium_bus,premium_bus1,2_6511
433,MK912,912 ENMCLW-CVNGTN,210433,1912,0,local_bus,llocal_bus1,2_1912
604,PT300,300 SO TACOMA WAY,210604,2300,0,local_bus,llocal_bus1,2_2300
730,KT036,36 RIDGETOP SHTTL,210730,4036,0,local_bus,llocal_bus1,2_4036
155,MK071,71 WDG-I5-SCBD EX,210155,1071,0,premium_bus,premium_bus1,2_1071
341,MK272,272 EGT-CRSRDS-UW,210341,1272,0,local_bus,llocal_bus1,2_1272
351,MK345,345 SHRL CC-NGATE,210351,1345,0,local_bus,llocal_bus1,2_1345
421,MK888,888 Egate P&R to In*,210421,1888,0,local_bus,llocal_bus1,2_1888
704,KT020,20 NAVY YARD CITY,210704,4020,0,local_bus,llocal_bus1,2_4020
630,PT016,16 UPS-TCC,210630,2016,0,local_bus,llocal_bus1,2_2016
757,PT051,51 TCC-TCOMA MAL,210757,2051,0,local_bus,llocal_bus1,2_2051
331,MK253,253 RED-OVRLK-BEL,210331,1253,0,local_bus,llocal_bus1,2_1253
207,MK121,121 BURIEN-SEACBD,210207,1121,0,local_bus,llocal_bus1,2_1121
19,MK005,5 SH CC-GRWD-SCBD,210019,1005,0,local_bus,llocal_bus1,2_1005
415,ST599,599 Lakewood-Tacoma*,210415,6599,0,premium_bus,premium_bus1,2_6599
681,ET004,4 DOWNTOWN E-W EB,210681,7004,0,local_bus,llocal_bus1,2_7004
57,MK016,16 NGT-WLFRD-SCBD,210057,1016,0,local_bus,llocal_bus1,2_1016
99,MK036,36 RAINR BCH-SCBD,210099,1036,0,local_bus,llocal_bus1,2_1036
494,CT247,247 STNWD-EVT BOE,210494,3247,0,premium_bus,premium_bus1,2_3247
454,MK927,927 SAMMISH-ISSQH,210454,1927,0,local_bus,llocal_bus1,2_1927
91,MK033,33 MAGNLIA-SEACBD,210091,1033,0,local_bus,llocal_bus1,2_1033
174,MK075,75 BALLRD-NGAT-UW,210174,1075,0,local_bus,llocal_bus1,2_1075
623,PT206,206 PAC HWY-TILCM,210623,2206,0,local_bus,llocal_bus1,2_2206
38,MK012,12 CAP HILL-SCBD ,210038,1012,0,local_bus,llocal_bus1,2_1012
265,MK180,180 Se Auburn-KentS*,210265,1180,0,local_bus,llocal_bus1,2_1180
122,MK046,46 SHLSHL-BLRD-UW EB,210122,1046,0,local_bus,llocal_bus1,2_1046
549,ST590,590 Seattle-Taco,210549,6590,0,premium_bus,premium_bus1,2_6590
35,MK011,11 MADISN PK-SCBD,210035,1011,0,local_bus,llocal_bus1,2_1011
376,ST540,540 REDMOND-UW WB,210376,6540,0,premium_bus,premium_bus1,2_6540
477,ST510,510 EVERTT-SEACBD,210477,6510,0,premium_bus,premium_bus1,2_6510
108,MK041,41 LKCTY-NGT-SCBD,210108,1041,0,local_bus,llocal_bus1,2_1041
268,MK181,181 FEDWAY-AUBURN,210268,1181,0,local_bus,llocal_bus1,2_1181
606,PT300,300 SO TACOMA WAY,210606,2300,0,local_bus,llocal_bus1,2_2300
235,MK148,148 FAIRWD-RENTON,210235,1148,0,local_bus,llocal_bus1,2_1148
723,KT034,34 BANGOR SHUTTLE,210723,4034,0,premium_bus,premium_bus1,2_4034
157,MK071,71 WDG-I5-SCBD EX,210157,1071,0,premium_bus,premium_bus1,2_1071
534,CT106,Bothell-MarinerP&R,210534,3106,0,local_bus,llocal_bus1,2_3106
566,PT053,53 UNIVERSITY PL,210566,2053,0,local_bus,llocal_bus1,2_2053
391,ST550,550 BELLVU-SEACBD,210391,6550,0,premium_bus,premium_bus1,2_6550
313,MK236,236 WOOD-KNGT-KRK,210313,1236,0,local_bus,llocal_bus1,2_1236
592,PT409,409 PUYALP-SUMNER,210592,2409,0,local_bus,llocal_bus1,2_2409
419,MK661,661 ROYAL BROUGH-6A*,210419,1661,0,local_bus,llocal_bus1,2_1661
333,MK255,255 JNTA-KRK-SCBD,210333,1255,0,local_bus,llocal_bus1,2_1255
520,CT119,LynwoodTC-Meadowdale,210520,3119,0,local_bus,llocal_bus1,2_3119
299,MK230,230 KNGSG-BTC-RED,210299,1230,0,local_bus,llocal_bus1,2_1230
417,ST599,599 Lakewood-Tacoma*,210417,6599,0,premium_bus,premium_bus1,2_6599
1,MK001,1 KINNEAR-SEA CBD,210001,1001,0,local_bus,llocal_bus1,2_1001
669,ET012,12 Mall Circl,210669,7012,0,local_bus,llocal_bus1,2_7012
438,MK915,915 AUBRN-ENUMCLW,210438,1915,0,local_bus,llocal_bus1,2_1915
362,MK372,372 WDNVL-BTHL-UW,210362,1372,0,premium_bus,premium_bus1,2_1372
223,MK132,132 HL CC-BUR-SEA,210223,1132,0,local_bus,llocal_bus1,2_1132
735,KT012,12 SILVERDLE WEST,210735,4012,0,local_bus,llocal_bus1,2_4012
7,MK003,3 N Q ANNE-MDRONA,210007,1003,0,local_bus,llocal_bus1,2_1003
709,KT025,25 EAST PARK,210709,4025,0,local_bus,llocal_bus1,2_4025
635,PT113,113 Key Peninsul,210635,2113,0,local_bus,llocal_bus1,2_2113
356,MK347,347 MTLK TER-NGTE,210356,1347,0,local_bus,llocal_bus1,2_1347
239,MK150,150 AUB-KENT-SCBD,210239,1150,0,local_bus,llocal_bus1,2_1150
212,MK124,124 Tukwila Intl Bl*,210212,1124,0,local_bus,llocal_bus1,2_1124
400,ST554,554 ISSAQ-SEA CBD,210400,6554,0,premium_bus,premium_bus1,2_6554
131,MK051,51 ADM-JCT CIRCLE,210131,1051,0,local_bus,llocal_bus1,2_1051
503,CT207,227 Boeing-Marysvill,210503,3207,0,premium_bus,premium_bus1,2_3207
65,MK021,21 ARBOR HTS-SCBD,210065,1021,0,local_bus,llocal_bus1,2_1021
686,ET701,ET701,210686,7701,0,local_bus,llocal_bus1,2_7701
423,MK890,890 LAKEMONT BLVD-I*,210423,1890,0,local_bus,llocal_bus1,2_1890
335,MK269,269 OVLK-SAHL-ISS NB,210335,1269,0,local_bus,llocal_bus1,2_1269
257,MK167,167 AU-KNT-405-UW NB,210257,1167,0,local_bus,llocal_bus1,2_1167
463,CT870,870 EDMONDS-UW SB,210463,3870,0,premium_bus,premium_bus1,2_3870
459,MK935,935 KENMR-KINGSGT,210459,1935,0,local_bus,llocal_bus1,2_1935
110,MK041,41 LKCTY-NGT-SCBD,210110,1041,0,local_bus,llocal_bus1,2_1041
711,KT026,26 WEST PARK,210711,4026,0,local_bus,llocal_bus1,2_4026
349,MK331,331 KENMOR-SHR CC,210349,1331,0,local_bus,llocal_bus1,2_1331
237,MK149,149 BLK DIA-RENTN,210237,1149,0,local_bus,llocal_bus1,2_1149
393,ST550,550 BELLVU-SEACBD,210393,6550,0,premium_bus,premium_bus1,2_6550
205,MK120,120 BUR-DELR-SCBD,210205,1120,0,local_bus,llocal_bus1,2_1120
568,PT053,53 UNIVERSITY PL,210568,2053,0,local_bus,llocal_bus1,2_2053
283,MK205,205 M I-1ST HL-UW,210283,1205,0,premium_bus,premium_bus1,2_1205
127,MK048,48 RAIN BC-LYL HT,210127,1048,0,local_bus,llocal_bus1,2_1048
496,CT240,240 STNWD-ARLNGTN,210496,3240,0,local_bus,llocal_bus1,2_3240
688,ET072,ET702,210688,7072,0,local_bus,llocal_bus1,2_7072
522,CT118,118 AUR VL-ASH WY,210522,3118,0,local_bus,llocal_bus1,2_3118
381,ST545,545 RED-SCBD-HLGT,210381,6545,0,premium_bus,premium_bus1,2_6545
554,ST586,586 UDistrict-Ta,210554,6586,0,premium_bus,premium_bus1,2_6586
301,MK230,230 KNGSG-BTC-RED,210301,1230,0,local_bus,llocal_bus1,2_1230
440,MK916,916 KENT-EAST HLL,210440,1916,0,local_bus,llocal_bus1,2_1916
273,MK183,183 FEDRL WY-KENT,210273,1183,0,local_bus,llocal_bus1,2_1183
482,CT414,414 MCOLM PR-SCBD,210482,3414,0,premium_bus,premium_bus1,2_3414
728,KT043,43 VIKING AVE,210728,4043,0,local_bus,llocal_bus1,2_4043
611,PT026,26 M L KING JR WY,210611,2026,0,local_bus,llocal_bus1,2_2026
9,MK003,3 N Q ANNE-MDRONA,210009,1003,0,local_bus,llocal_bus1,2_1003
162,MK072,72 LKC-I5-SCBD EX,210162,1072,0,premium_bus,premium_bus1,2_1072
37,MK011,11 MADISN PK-SCBD,210037,1011,0,local_bus,llocal_bus1,2_1011
539,CT101,101 MAR PR-AUR VL,210539,3101,0,local_bus,llocal_bus1,2_3101
316,MK240,240 BEL-NEWC-RENT,210316,1240,0,local_bus,llocal_bus1,2_1240
597,PT407,407 BON LK-PR RDG,210597,2407,0,local_bus,llocal_bus1,2_2407
214,MK125,125 SHWD-WTCT-SEA,210214,1125,0,local_bus,llocal_bus1,2_1125
666,RLLR,LightRail Sea-Se,210666,6011,0,light_rail,llight_rail1,2_6011
182,MK101,101 RENTN TC-SCBD,210182,1101,0,local_bus,llocal_bus1,2_1101
369,ST522,ST522b,210369,6522,0,premium_bus,premium_bus1,2_6522
674,ET002,2 BOEING-WALNUT SB,210674,7002,0,local_bus,llocal_bus1,2_7002
259,MK168,168 TIMBERLN-KENT,210259,1168,0,local_bus,llocal_bus1,2_1168
367,MK373,373 AURVL-15TH-UW,210367,1373,0,premium_bus,premium_bus1,2_1373
555,ST578,578 Seattle-Puya,210555,6578,0,premium_bus,premium_bus1,2_6578
228,MK134,134 BURIEN-SEACBD,210228,1134,0,local_bus,llocal_bus1,2_1134
149,MK067,67 NORTHGTE TC-UW,210149,1067,0,local_bus,llocal_bus1,2_1067
655,WFSBI,WSF SEA-BAINB ISL,210655,5005,0,ferry,ferry1,2_5005
244,MK153,153 KENT-RENTON NB,210244,1153,0,local_bus,llocal_bus1,2_1153
580,PT045,45 YAKIMA,210580,2045,0,local_bus,llocal_bus1,2_2045
291,MK213,213 N MERCER ISLN,210291,1213,0,local_bus,llocal_bus1,2_1213
508,CT200,LynwoodTC-SmokeyPoi*,210508,3200,0,local_bus,llocal_bus1,2_3200
540,PT061,61 NE TAC-BRWN PT,210540,2061,0,premium_bus,premium_bus1,2_2061
697,KT011,11 CROSSTOWN LTD ,210697,4011,0,premium_bus,premium_bus1,2_4011
426,MK903,903 TWN LK-FED TC,210426,1903,0,local_bus,llocal_bus1,2_1903
637,PT011,11 POINT DEFIANCE,210637,2011,0,local_bus,llocal_bus1,2_2011
358,MK348,348 RICH BCH-NGTE,210358,1348,0,local_bus,llocal_bus1,2_1348
